{"cameraMode":{"drawMode":0,"name":"Shaded","section":"Shading Mode"},"sceneLighting":true,"audioPlay":false,"sceneViewState":{"m_AlwaysRefresh":false,"showFog":true,"showSkybox":true,"showFlares":true,"showImageEffects":true,"showParticleSystems":true,"showVisualEffectGraphs":true,"m_FxEnabled":true},"in2DMode":false,"pivot":{"x":289.3005065917969,"y":-187.9652862548828,"z":-909.6290283203125},"rotation":{"x":-0.19369915127754212,"y":0.025895141065120698,"z":0.005114535801112652,"w":0.9807063341140747},"size":393.22650146484377,"orthographic":true}