{"cameraMode":{"drawMode":0,"name":"Shaded","section":"Shading Mode"},"sceneLighting":true,"audioPlay":false,"sceneViewState":{"m_AlwaysRefresh":false,"showFog":true,"showSkybox":true,"showFlares":true,"showImageEffects":true,"showParticleSystems":true,"showVisualEffectGraphs":true,"m_FxEnabled":true},"in2DMode":false,"pivot":{"x":-85.35299682617188,"y":30.456403732299806,"z":-15.445414543151856},"rotation":{"x":0.26544150710105898,"y":-0.030650833621621133,"z":0.008444681763648987,"w":0.9636068344116211},"size":0.1777748018503189,"orthographic":false}