{"cameraMode":{"drawMode":0,"name":"Shaded","section":"Shading Mode"},"sceneLighting":true,"audioPlay":false,"sceneViewState":{"m_AlwaysRefresh":false,"showFog":true,"showSkybox":true,"showFlares":true,"showImageEffects":true,"showParticleSystems":true,"showVisualEffectGraphs":true,"m_FxEnabled":true},"in2DMode":false,"pivot":{"x":2596.583251953125,"y":-186.31834411621095,"z":-2160.267333984375},"rotation":{"x":0.0021280075889080765,"y":-0.9978829026222229,"z":0.0488334596157074,"w":0.043416060507297519},"size":1099.156494140625,"orthographic":false}